ts_code,trade_date,open,high,low,close,volume,amount,pct_chg
002202.SZ,2024-08-05,7.46,7.6,7.42,7.42,399400,309782875.42,-1.07
002202.SZ,2024-08-06,7.52,7.6,7.43,7.48,278232,215382704.17,0.81
002202.SZ,2024-08-07,7.51,7.64,7.45,7.57,243218,189622124.38,1.2
002202.SZ,2024-08-08,7.52,7.59,7.44,7.57,256126,198858163.49,0.0
002202.SZ,2024-08-09,7.57,7.67,7.47,7.49,181902,141715290.86,-1.06
002202.SZ,2024-08-12,7.63,7.74,7.44,7.51,269613,209312809.45,0.27
002202.SZ,2024-08-13,7.44,7.64,7.4,7.57,235504,182973754.23,0.8
002202.SZ,2024-08-14,7.58,7.62,7.41,7.41,196764,151571440.49,-2.11
002202.SZ,2024-08-15,7.41,7.54,7.39,7.46,171310,131940848.24,0.67
002202.SZ,2024-08-16,7.51,7.54,7.36,7.39,157475,119047619.82,-0.94
002202.SZ,2024-08-19,7.37,7.48,7.31,7.33,199241,149660330.0,-0.81
002202.SZ,2024-08-20,7.36,7.37,7.17,7.2,170006,125361036.36,-1.77
002202.SZ,2024-08-21,7.2,7.22,7.12,7.18,118749,86737065.53,-0.28
002202.SZ,2024-08-22,7.24,7.35,7.18,7.22,204234,150522624.98,0.56
002202.SZ,2024-08-23,7.19,7.33,7.16,7.25,188087,138676056.16,0.42
002202.SZ,2024-08-26,7.58,7.99,7.52,7.82,1227325,985306471.75,7.86
002202.SZ,2024-08-27,7.85,8.21,7.78,8.11,1280598,1043878779.06,3.71
002202.SZ,2024-08-28,8.08,8.33,7.95,8.28,821543,684063160.25,2.1
002202.SZ,2024-08-29,8.27,8.36,8.19,8.21,612053,513173352.15,-0.85
002202.SZ,2024-08-30,8.2,8.28,8.1,8.12,753132,626423241.55,-1.1
002202.SZ,2024-09-02,8.08,8.26,8.06,8.14,445108,369875199.98,0.25
002202.SZ,2024-09-03,8.09,8.3,8.07,8.23,373061,311544077.18,1.11
002202.SZ,2024-09-04,8.19,8.46,8.14,8.26,523034,441937380.62,0.36
002202.SZ,2024-09-05,8.26,8.35,8.18,8.2,298198,250037244.91,-0.73
002202.SZ,2024-09-06,8.2,8.25,8.06,8.06,265992,220274818.23,-1.71
002202.SZ,2024-09-09,8.05,8.11,8.0,8.05,283414,232313169.76,-0.12
002202.SZ,2024-09-10,8.05,8.11,7.94,8.08,262846,214470125.89,0.37
002202.SZ,2024-09-11,8.02,8.14,8.02,8.09,193875,159479435.33,0.12
002202.SZ,2024-09-12,8.05,8.2,8.04,8.08,259528,214154063.48,-0.12
002202.SZ,2024-09-13,8.11,8.17,8.0,8.02,216159,177714947.88,-0.74
002202.SZ,2024-09-18,7.97,8.11,7.92,8.1,201622,164527049.49,1.0
002202.SZ,2024-09-19,8.12,8.17,8.03,8.08,309207,254444616.28,-0.25
002202.SZ,2024-09-20,8.08,8.14,8.02,8.07,229052,188029972.55,-0.12
002202.SZ,2024-09-23,8.08,8.11,7.98,8.02,248372,203115561.53,-0.62
002202.SZ,2024-09-24,8.1,8.29,8.05,8.28,453026,377763291.72,3.24
002202.SZ,2024-09-25,8.33,8.58,8.29,8.43,534035,459646656.54,1.81
002202.SZ,2024-09-26,8.43,8.62,8.35,8.61,455354,392870898.86,2.14
002202.SZ,2024-09-27,8.74,9.13,8.67,9.0,742353,670769320.51,4.53
002202.SZ,2024-09-30,9.27,9.9,9.17,9.88,1185388,1152123936.62,9.78
002202.SZ,2024-10-08,10.88,10.88,10.46,10.88,1626698,1773543770.11,10.12
002202.SZ,2024-10-09,10.67,10.67,10.09,10.25,1151013,1214863810.39,-5.79
002202.SZ,2024-10-10,10.24,10.62,10.15,10.28,800267,841764180.51,0.29
002202.SZ,2024-10-11,10.3,10.3,9.56,9.69,670240,668925200.3,-5.74
002202.SZ,2024-10-14,9.7,9.98,9.66,9.93,487023,485307716.28,2.48
002202.SZ,2024-10-15,9.94,9.94,9.57,9.59,452889,448585829.14,-3.42
002202.SZ,2024-10-16,9.54,9.68,9.37,9.51,443481,427665904.09,-0.83
002202.SZ,2024-10-17,9.51,9.64,9.27,9.3,364216,348252733.07,-2.21
002202.SZ,2024-10-18,9.29,9.89,9.24,9.68,619255,602370280.52,4.09
002202.SZ,2024-10-21,9.7,10.02,9.62,9.88,635582,634620840.48,2.07
002202.SZ,2024-10-22,9.87,10.64,9.8,10.52,1003346,1054761321.38,6.48
002202.SZ,2024-10-23,10.52,11.28,10.52,10.98,1435271,1587855109.24,4.37
002202.SZ,2024-10-24,10.91,10.91,10.61,10.66,663626,722149643.62,-2.91
002202.SZ,2024-10-25,10.63,11.01,10.61,10.86,614510,676566532.57,1.88
002202.SZ,2024-10-28,10.93,11.07,10.67,10.74,655537,715902965.25,-1.1
002202.SZ,2024-10-29,10.75,10.85,10.44,10.59,563968,606064626.44,-1.4
002202.SZ,2024-10-30,10.49,10.71,10.39,10.52,395599,422082804.7,-0.66
002202.SZ,2024-10-31,10.88,10.96,10.66,10.74,787500,861142971.07,2.09
002202.SZ,2024-11-01,10.88,10.92,10.39,10.74,647382,698342827.8,0.0
002202.SZ,2024-11-04,10.72,10.96,10.65,10.75,601631,657248555.44,0.09
002202.SZ,2024-11-05,10.73,11.06,10.6,11.02,843777,933773345.46,2.51
002202.SZ,2024-11-06,11.03,11.74,11.03,11.29,1169038,1355152071.61,2.45
002202.SZ,2024-11-07,11.04,11.24,10.94,11.21,656594,738469197.99,-0.71
002202.SZ,2024-11-08,11.28,11.49,11.03,11.05,664373,755856348.22,-1.43
002202.SZ,2024-11-11,11.02,11.12,10.87,10.98,568366,631510063.1,-0.63
002202.SZ,2024-11-12,11.09,11.09,10.69,10.8,664596,730440425.26,-1.64
002202.SZ,2024-11-13,10.78,10.89,10.68,10.85,364038,397827101.74,0.46
002202.SZ,2024-11-14,10.8,10.84,10.56,10.58,416616,450315876.06,-2.49
002202.SZ,2024-11-15,10.52,10.62,10.19,10.21,494151,520325678.1,-3.5
002202.SZ,2024-11-18,10.27,10.66,10.27,10.35,472580,500781769.11,1.37
002202.SZ,2024-11-19,10.31,10.51,10.29,10.48,350833,370214152.51,1.26
002202.SZ,2024-11-20,10.48,10.48,10.27,10.3,415108,435682898.46,-1.72
002202.SZ,2024-11-21,10.35,10.38,10.16,10.22,353209,365844557.33,-0.78
002202.SZ,2024-11-22,10.23,10.25,9.79,9.85,392321,397807402.49,-3.62
002202.SZ,2024-11-25,9.94,10.53,9.94,10.25,930352,973679926.72,4.06
002202.SZ,2024-11-26,10.27,10.55,10.16,10.32,559142,588586612.35,0.68
002202.SZ,2024-11-27,10.26,11.26,10.25,11.2,1200932,1314612435.94,8.53
002202.SZ,2024-11-28,11.04,11.09,10.69,10.82,722769,795176572.55,-3.39
002202.SZ,2024-11-29,10.79,11.21,10.74,11.02,798549,893706617.91,1.85
002202.SZ,2024-12-02,11.06,11.26,10.89,11.04,625983,700719819.71,0.18
002202.SZ,2024-12-03,11.11,11.31,11.02,11.18,652318,736613973.47,1.27
002202.SZ,2024-12-04,11.07,11.24,10.96,11.05,556235,623758959.06,-1.16
002202.SZ,2024-12-05,10.99,11.03,10.8,10.86,333630,367797484.46,-1.72
002202.SZ,2024-12-06,10.92,10.95,10.65,10.85,359848,394256187.26,-0.09
002202.SZ,2024-12-09,10.86,10.88,10.66,10.8,301452,328936709.25,-0.46
002202.SZ,2024-12-10,11.04,11.14,10.67,10.69,571744,625073811.01,-1.02
002202.SZ,2024-12-11,10.66,10.83,10.65,10.73,267883,291198677.5,0.37
002202.SZ,2024-12-12,10.72,10.86,10.66,10.84,329604,360494553.63,1.03
002202.SZ,2024-12-13,10.77,10.88,10.65,10.67,337870,366649716.16,-1.57
002202.SZ,2024-12-16,10.71,11.0,10.47,10.54,487822,529016423.07,-1.22
002202.SZ,2024-12-17,10.52,10.68,10.44,10.52,247003,264641694.44,-0.19
002202.SZ,2024-12-18,10.5,10.61,10.46,10.49,194194,207355664.72,-0.29
002202.SZ,2024-12-19,10.43,10.67,10.26,10.64,259815,276257299.66,1.43
002202.SZ,2024-12-20,10.65,10.8,10.54,10.64,233006,250761892.09,0.0
002202.SZ,2024-12-23,10.57,10.76,10.51,10.55,305166,328840136.96,-0.85
002202.SZ,2024-12-24,10.55,10.85,10.44,10.76,315930,343094562.61,1.99
002202.SZ,2024-12-25,10.77,10.8,10.4,10.5,284856,303391068.53,-2.42
002202.SZ,2024-12-26,10.47,10.56,10.32,10.45,262971,278455653.61,-0.48
002202.SZ,2024-12-27,10.26,10.37,10.0,10.25,478576,493994369.86,-1.91
002202.SZ,2024-12-30,10.17,10.46,10.12,10.37,303576,318228534.24,1.17
002202.SZ,2024-12-31,10.38,10.46,10.19,10.19,245969,256394880.13,-1.74
002202.SZ,2025-01-02,10.17,10.25,9.77,9.87,322802,327364405.78,-3.14
002202.SZ,2025-01-03,9.87,10.09,9.71,9.74,282219,282128428.46,-1.32
002202.SZ,2025-01-06,9.77,10.04,9.75,9.95,271338,272296840.43,2.16
002202.SZ,2025-01-07,9.9,10.11,9.86,10.11,252619,256431663.42,1.61
002202.SZ,2025-01-08,10.11,10.11,9.73,9.94,251600,252928230.32,-1.68
002202.SZ,2025-01-09,9.87,10.02,9.85,9.85,160434,161334136.22,-0.91
002202.SZ,2025-01-10,9.86,9.95,9.66,9.68,188368,187057341.13,-1.73
002202.SZ,2025-01-13,9.61,9.83,9.57,9.69,202907,199668889.68,0.1
002202.SZ,2025-01-14,9.69,9.94,9.58,9.88,227256,226272673.6,1.96
002202.SZ,2025-01-15,9.86,9.87,9.71,9.78,194203,192600273.79,-1.01
002202.SZ,2025-01-16,9.78,10.01,9.72,9.77,191958,191567232.2,-0.1
002202.SZ,2025-01-17,9.78,9.99,9.73,9.75,210328,209408680.48,-0.2
002202.SZ,2025-01-20,9.79,10.04,9.79,9.94,262163,264097159.42,1.95
002202.SZ,2025-01-21,9.93,10.01,9.8,9.86,229531,230444771.55,-0.8
002202.SZ,2025-01-22,9.83,9.91,9.67,9.81,196088,194391575.38,-0.51
002202.SZ,2025-01-23,9.88,10.01,9.7,9.73,230365,229918876.53,-0.82
002202.SZ,2025-01-24,9.7,9.86,9.68,9.77,197368,196152838.25,0.41
002202.SZ,2025-01-27,9.76,9.77,9.47,9.47,325078,316442096.37,-3.07
002202.SZ,2025-02-05,9.41,9.44,8.85,8.93,740273,672810710.1,-5.7
002202.SZ,2025-02-06,8.95,9.02,8.76,8.98,544866,492921294.01,0.56
002202.SZ,2025-02-07,8.99,9.31,8.87,9.2,483288,449709741.7,2.45
002202.SZ,2025-02-10,9.31,9.34,9.13,9.17,392100,365767745.86,-0.33
002202.SZ,2025-02-11,9.18,9.2,8.99,9.1,330723,304301299.09,-0.76
002202.SZ,2025-02-12,9.1,9.18,9.06,9.18,249908,231370167.89,0.88
002202.SZ,2025-02-13,9.18,9.2,8.96,8.96,435511,399189822.63,-2.4
002202.SZ,2025-02-14,8.96,9.02,8.89,8.99,291102,264877868.47,0.33
002202.SZ,2025-02-17,9.0,9.03,8.89,8.97,325866,296387075.1,-0.22
002202.SZ,2025-02-18,8.98,9.04,8.78,8.82,362387,328001003.55,-1.67
002202.SZ,2025-02-19,8.8,8.95,8.74,8.94,355861,320751500.56,1.36
002202.SZ,2025-02-20,8.94,8.95,8.76,8.78,358619,320546779.63,-1.79
002202.SZ,2025-02-21,8.79,8.88,8.76,8.87,399192,357793425.57,1.03
002202.SZ,2025-02-24,8.87,8.93,8.69,8.74,536371,479034143.07,-1.47
002202.SZ,2025-02-25,8.75,9.03,8.66,8.94,726509,657222017.0,2.29
002202.SZ,2025-02-26,9.01,9.26,8.97,9.15,838989,780686656.16,2.35
002202.SZ,2025-02-27,9.15,9.18,8.88,9.02,568272,518728728.15,-1.42
002202.SZ,2025-02-28,8.99,9.05,8.91,8.91,427637,389769693.07,-1.22
002202.SZ,2025-03-03,8.92,9.09,8.85,8.89,511575,466463737.82,-0.22
002202.SZ,2025-03-04,8.86,8.98,8.76,8.91,457653,412053113.52,0.22
002202.SZ,2025-03-05,8.91,8.93,8.76,8.82,288282,258056534.09,-1.01
002202.SZ,2025-03-06,8.83,8.94,8.77,8.92,404892,365163492.25,1.13
002202.SZ,2025-03-07,8.88,8.92,8.75,8.81,476805,426783379.86,-1.23
002202.SZ,2025-03-10,8.82,8.94,8.82,8.87,322647,290492516.5,0.68
002202.SZ,2025-03-11,8.82,8.91,8.75,8.91,334129,299439220.82,0.45
002202.SZ,2025-03-12,8.91,8.98,8.84,8.92,381954,345534634.13,0.11
002202.SZ,2025-03-13,8.94,9.0,8.76,8.89,468518,421923610.18,-0.34
002202.SZ,2025-03-14,8.88,9.11,8.85,9.01,626981,574240619.16,1.35
002202.SZ,2025-03-17,9.04,9.3,9.04,9.09,771094,717646648.13,0.89
002202.SZ,2025-03-18,9.18,9.27,9.12,9.17,480024,447662456.07,0.88
002202.SZ,2025-03-19,9.18,9.26,9.11,9.17,504732,470854171.65,0.0
002202.SZ,2025-03-20,9.17,9.43,9.11,9.41,830345,787529325.51,2.62
002202.SZ,2025-03-21,9.38,9.75,9.33,9.53,990531,961288112.37,1.28
002202.SZ,2025-03-24,9.61,9.61,9.23,9.36,754957,713289688.49,-1.78
002202.SZ,2025-03-25,9.36,9.48,9.23,9.26,418157,395376345.19,-1.07
002202.SZ,2025-03-26,9.26,9.35,9.18,9.27,328086,308849825.39,0.11
002202.SZ,2025-03-27,9.27,9.27,9.04,9.16,402383,373818318.62,-1.19
002202.SZ,2025-03-28,9.1,9.17,8.96,8.98,386609,354382582.59,-1.97
002202.SZ,2025-03-31,8.97,9.08,8.72,8.74,587310,529301668.84,-2.67
002202.SZ,2025-04-01,8.75,8.92,8.73,8.75,455562,406614346.94,0.11
002202.SZ,2025-04-02,8.76,8.87,8.58,8.8,525060,466449552.69,0.57
002202.SZ,2025-04-03,8.73,8.84,8.7,8.74,342606,304824092.65,-0.68
002202.SZ,2025-04-07,8.32,8.32,7.85,7.85,562642,456266695.76,-10.18
002202.SZ,2025-04-08,7.66,7.88,7.64,7.78,645313,509478888.42,-0.89
002202.SZ,2025-04-09,7.67,7.88,7.5,7.84,507780,398922801.57,0.77
002202.SZ,2025-04-10,7.99,8.09,7.88,7.99,423798,345877455.75,1.91
002202.SZ,2025-04-11,7.96,8.07,7.88,8.01,311450,252847067.79,0.25
002202.SZ,2025-04-14,8.08,8.15,8.04,8.09,301690,248486814.17,1.0
002202.SZ,2025-04-15,8.09,8.11,7.97,8.05,241733,197402105.65,-0.49
002202.SZ,2025-04-16,8.04,8.11,7.96,8.01,252232,205820365.47,-0.5
002202.SZ,2025-04-17,8.01,8.07,7.97,8.02,172441,141053838.09,0.12
002202.SZ,2025-04-18,8.01,8.06,7.97,8.03,197396,161067768.89,0.12
002202.SZ,2025-04-21,8.05,8.15,7.99,8.05,382397,313145673.61,0.25
002202.SZ,2025-04-22,8.04,8.23,7.99,8.13,499505,413715129.2,0.99
002202.SZ,2025-04-23,8.14,8.24,8.08,8.1,280174,231293175.58,-0.37
002202.SZ,2025-04-24,8.13,8.3,8.09,8.21,432176,361133122.83,1.36
002202.SZ,2025-04-25,8.23,8.3,8.19,8.25,281103,235668156.11,0.49
002202.SZ,2025-04-28,8.54,9.0,8.46,8.82,1197595,1074286141.81,6.91
002202.SZ,2025-04-29,8.76,8.94,8.74,8.82,486637,437856375.63,0.0
002202.SZ,2025-04-30,8.79,8.82,8.59,8.61,442279,389218680.5,-2.38
002202.SZ,2025-05-06,8.67,8.72,8.57,8.7,398335,351355333.47,1.05
002202.SZ,2025-05-07,8.81,9.05,8.79,8.98,698369,634458329.1,3.22
002202.SZ,2025-05-08,8.95,9.02,8.88,8.9,419706,381463601.97,-0.89
002202.SZ,2025-05-09,8.95,9.14,8.9,9.02,478292,439339042.97,1.35
002202.SZ,2025-05-12,9.02,9.19,8.97,9.15,584011,540643237.15,1.44
002202.SZ,2025-05-13,9.22,9.3,9.12,9.18,445386,416410883.32,0.33
002202.SZ,2025-05-14,9.14,9.16,8.97,9.09,386656,354954286.3,-0.98
002202.SZ,2025-05-15,9.09,9.18,9.04,9.05,288178,266247368.85,-0.44
002202.SZ,2025-05-16,9.03,9.11,8.98,9.01,186000,170383295.23,-0.44
002202.SZ,2025-05-19,8.97,9.08,8.93,9.05,212421,194631378.64,0.44
002202.SZ,2025-05-20,9.06,9.17,9.05,9.17,335546,311154511.04,1.33
002202.SZ,2025-05-21,9.26,9.39,9.14,9.23,348347,326487935.36,0.65
002202.SZ,2025-05-22,9.18,9.24,9.06,9.08,205275,190686573.62,-1.63
002202.SZ,2025-05-23,9.08,9.14,8.91,8.92,256035,234809342.11,-1.76
002202.SZ,2025-05-26,8.9,8.96,8.86,8.91,197131,178272295.44,-0.11
002202.SZ,2025-05-27,8.92,9.09,8.86,8.98,230804,210664319.61,0.79
002202.SZ,2025-05-28,8.96,9.19,8.94,9.14,306386,282100426.65,1.78
002202.SZ,2025-05-29,9.15,9.3,9.1,9.24,304311,284693720.02,1.09
002202.SZ,2025-05-30,9.19,9.22,9.11,9.11,209525,194613007.45,-1.41
002202.SZ,2025-06-03,9.06,9.44,8.95,9.35,615729,578854487.4,2.63
002202.SZ,2025-06-04,9.33,9.54,9.22,9.23,354735,335253859.48,-1.28
002202.SZ,2025-06-05,9.26,9.29,9.11,9.16,241840,225160162.35,-0.76
002202.SZ,2025-06-06,9.16,9.24,9.13,9.2,171456,159986714.7,0.44
002202.SZ,2025-06-09,9.2,9.48,9.2,9.32,489269,465192495.35,1.3
002202.SZ,2025-06-10,9.33,9.37,9.07,9.13,314339,293370015.39,-2.04
002202.SZ,2025-06-11,9.13,9.39,9.11,9.38,403074,381010048.88,2.74
002202.SZ,2025-06-12,9.37,9.4,9.28,9.36,255793,242734775.53,-0.21
002202.SZ,2025-06-13,9.34,9.54,9.26,9.46,668388,641810798.02,1.07
002202.SZ,2025-06-16,9.62,10.11,9.62,9.96,1031089,1039517777.5,5.29
002202.SZ,2025-06-17,10.0,10.11,9.89,9.91,533365,538798692.07,-0.5
002202.SZ,2025-06-18,9.9,10.06,9.81,10.0,362145,365744541.84,0.91
002202.SZ,2025-06-19,10.02,10.08,9.67,9.73,497101,494736679.49,-2.7
002202.SZ,2025-06-20,9.73,9.79,9.61,9.66,271447,266417040.88,-0.72
002202.SZ,2025-06-23,9.66,9.85,9.58,9.82,457075,452008236.47,1.66
002202.SZ,2025-06-24,9.82,9.93,9.78,9.87,425210,425279994.08,0.51
002202.SZ,2025-06-25,9.91,10.06,9.77,10.02,480719,487411068.26,1.52
002202.SZ,2025-06-26,9.96,10.13,9.96,10.05,398576,406520626.28,0.3
002202.SZ,2025-06-27,10.04,10.13,9.97,10.09,385916,393361160.34,0.4
002202.SZ,2025-06-30,10.1,10.21,10.07,10.11,304826,313058683.36,0.2
002202.SZ,2025-07-01,10.09,10.19,10.05,10.18,327526,336465604.35,0.69
002202.SZ,2025-07-02,10.34,10.4,10.09,10.12,434291,448511924.0,-0.59
002202.SZ,2025-07-03,10.11,10.16,9.97,10.02,372267,378645603.43,-0.99
002202.SZ,2025-07-04,10.03,10.04,9.74,9.75,497842,495485545.19,-2.69
002202.SZ,2025-07-07,9.75,9.83,9.71,9.77,264085,261230904.04,0.21
002202.SZ,2025-07-08,9.78,10.08,9.76,10.08,472657,478998244.77,3.17
002202.SZ,2025-07-09,10.37,10.61,10.04,10.06,538558,557280543.02,-0.2
002202.SZ,2025-07-10,10.02,10.06,9.92,9.97,319536,322889294.25,-0.89
002202.SZ,2025-07-11,9.84,9.88,9.63,9.81,438568,434677175.59,-1.6
002202.SZ,2025-07-14,9.84,9.88,9.74,9.74,317103,314863357.26,-0.71
002202.SZ,2025-07-15,9.75,9.78,9.56,9.6,339288,331690596.09,-1.44
002202.SZ,2025-07-16,9.61,9.67,9.54,9.58,263896,256588093.54,-0.21
002202.SZ,2025-07-17,9.58,9.62,9.52,9.61,267613,259794030.71,0.31
002202.SZ,2025-07-18,9.64,9.84,9.58,9.77,455686,448758039.58,1.66
002202.SZ,2025-07-21,9.9,9.9,9.79,9.83,395917,395014658.14,0.61
002202.SZ,2025-07-22,9.86,9.91,9.75,9.91,402359,401853931.53,0.81
002202.SZ,2025-07-23,9.92,9.95,9.74,9.75,353867,352333838.57,-1.61
002202.SZ,2025-07-24,9.79,9.83,9.7,9.83,279403,276930688.44,0.82
002202.SZ,2025-07-25,9.85,9.85,9.72,9.73,300393,297591023.4,-1.02
002202.SZ,2025-07-28,9.72,9.78,9.62,9.72,276872,272506007.91,-0.1
002202.SZ,2025-07-29,9.69,9.72,9.59,9.69,214922,210236145.61,-0.31
002202.SZ,2025-07-30,9.88,10.15,9.68,9.72,683017,686519815.41,0.31
002202.SZ,2025-07-31,9.71,9.76,9.45,9.49,503194,488678088.02,-2.37
002202.SZ,2025-08-01,9.46,9.73,9.44,9.6,396117,387191676.11,1.16
002202.SZ,2025-08-04,9.57,9.58,9.44,9.49,307247,295541275.2,-1.15
002202.SZ,2025-08-05,9.52,9.65,9.51,9.64,275745,268525365.65,1.58
002202.SZ,2025-08-06,9.64,9.65,9.54,9.63,200734,195324438.0,-0.1
002202.SZ,2025-08-07,9.62,9.79,9.57,9.61,334742,327695216.54,-0.21
002202.SZ,2025-08-08,9.6,10.12,9.57,10.01,1144035,1152832068.51,4.16
002202.SZ,2025-08-11,10.06,10.14,9.96,10.11,605992,618133402.89,1.0
002202.SZ,2025-08-12,10.08,10.22,10.01,10.2,452287,464696746.48,0.89
002202.SZ,2025-08-13,10.18,10.34,10.14,10.27,456181,474595296.73,0.69
002202.SZ,2025-08-14,10.27,10.3,10.03,10.08,391191,402012903.15,-1.85
002202.SZ,2025-08-15,10.11,10.52,10.07,10.47,641923,666907089.62,3.87
002202.SZ,2025-08-18,10.47,10.5,10.35,10.4,530003,552060815.03,-0.67
002202.SZ,2025-08-19,10.41,10.48,10.33,10.38,392849,408752659.35,-0.19
002202.SZ,2025-08-20,10.38,10.56,10.27,10.55,448250,467052518.6,1.64
002202.SZ,2025-08-21,10.55,10.62,10.45,10.52,414523,437136152.13,-0.28
002202.SZ,2025-08-22,10.47,10.59,10.43,10.56,415191,436791177.37,0.38
002202.SZ,2025-08-25,11.01,11.62,11.01,11.62,1938875,2241085064.79,10.04
002202.SZ,2025-08-26,11.73,12.15,11.6,11.95,2705434,3228385840.84,2.84
002202.SZ,2025-08-27,11.74,11.9,11.52,11.52,1345166,1577343779.36,-3.6
002202.SZ,2025-08-28,11.52,11.68,11.19,11.46,845332,966569877.51,-0.52
002202.SZ,2025-08-29,11.47,11.56,11.3,11.42,629037,716862963.81,-0.35
002202.SZ,2025-09-01,11.41,11.47,11.14,11.26,719402,810897966.56,-1.4
002202.SZ,2025-09-02,11.33,11.34,10.9,10.99,670504,742387114.97,-2.4
002202.SZ,2025-09-03,11.06,11.42,11.02,11.36,966491,1087225666.92,3.37
002202.SZ,2025-09-04,11.31,11.45,10.94,11.11,734245,822442446.4,-2.2
002202.SZ,2025-09-05,11.1,12.22,11.07,12.22,1690798,2012463741.69,9.99
002202.SZ,2025-09-08,12.49,12.78,12.01,12.28,1852615,2281899232.19,0.49
002202.SZ,2025-09-09,12.32,12.56,12.09,12.25,955538,1175238893.0,-0.24
002202.SZ,2025-09-10,12.25,12.38,12.04,12.16,714593,869485119.06,-0.73
002202.SZ,2025-09-11,12.55,12.68,11.91,12.52,1928634,2392346561.82,2.96
002202.SZ,2025-09-12,12.7,12.8,12.32,12.36,1339127,1672424335.48,-1.28
002202.SZ,2025-09-15,12.37,12.5,12.19,12.31,999642,1233734953.27,-0.4
002202.SZ,2025-09-16,12.37,12.4,12.11,12.31,777825,954776942.93,0.0
002202.SZ,2025-09-17,12.45,13.44,12.33,13.23,1781240,2299129888.79,7.47
002202.SZ,2025-09-18,13.15,13.81,13.02,13.5,2023610,2735624110.17,2.04
002202.SZ,2025-09-19,13.4,13.98,13.25,13.71,1317633,1805109539.8,1.56
002202.SZ,2025-09-22,13.66,13.71,13.3,13.54,1054293,1416659538.63,-1.24
002202.SZ,2025-09-23,13.42,13.56,12.92,13.12,1095044,1442446454.03,-3.1
002202.SZ,2025-09-24,13.11,13.42,13.01,13.41,943888,1249011965.71,2.21
002202.SZ,2025-09-25,13.49,14.46,13.4,14.07,1908427,2634586236.04,4.92
002202.SZ,2025-09-26,14.06,14.76,13.9,14.34,1893562,2736112193.44,1.92
002202.SZ,2025-09-29,14.7,15.23,14.15,14.57,2048846,3012952043.4,1.6
002202.SZ,2025-09-30,14.5,15.1,14.41,14.97,1415242,2093284132.41,2.75
002202.SZ,2025-10-09,15.2,16.47,15.02,16.24,1954909,3139884697.12,8.48
002202.SZ,2025-10-10,16.25,16.27,15.72,15.94,1709220,2724946013.85,-1.85
002202.SZ,2025-10-13,15.3,17.19,15.3,17.18,2100914,3426581746.23,7.78
002202.SZ,2025-10-14,17.18,18.5,16.41,16.5,2637078,4577681103.49,-3.96
002202.SZ,2025-10-15,16.9,16.99,16.01,16.73,1869569,3088397073.26,1.39
002202.SZ,2025-10-16,16.58,16.66,15.95,16.0,1820793,2946123552.08,-4.36
002202.SZ,2025-10-17,16.0,16.05,14.85,14.9,1880088,2870807230.8,-6.88
002202.SZ,2025-10-20,15.31,15.43,14.34,14.5,1976587,2893196243.56,-2.68
002202.SZ,2025-10-21,14.66,15.15,14.51,14.83,1498318,2233713735.69,2.28
002202.SZ,2025-10-22,14.94,15.38,14.65,15.07,2022231,3050333063.48,1.62
002202.SZ,2025-10-23,14.9,15.26,14.6,15.25,1367170,2036871850.46,1.19
002202.SZ,2025-10-24,15.15,15.97,15.08,15.83,1779304,2780311039.56,3.8
002202.SZ,2025-10-27,16.0,16.04,15.22,15.57,2034513,3166356539.02,-1.64
002202.SZ,2025-10-28,15.58,15.6,14.88,14.97,1650843,2498289281.33,-3.85
002202.SZ,2025-10-29,14.84,15.68,14.82,15.67,1569887,2421131011.65,4.68
002202.SZ,2025-10-30,15.68,16.93,15.52,16.38,2303511,3788914999.06,4.53
002202.SZ,2025-10-31,16.32,16.64,15.65,15.7,1701837,2720959340.75,-4.15
002202.SZ,2025-11-03,15.87,16.97,15.49,16.79,2225279,3622087330.19,6.94
002202.SZ,2025-11-04,16.63,16.67,16.01,16.22,1539449,2502677103.53,-3.39
002202.SZ,2025-11-05,15.8,16.93,15.7,16.77,1741496,2883355327.08,3.39
002202.SZ,2025-11-06,16.75,17.55,16.52,16.93,1978909,3365555868.37,0.95
002202.SZ,2025-11-07,16.71,17.09,16.53,16.66,1217865,2044834330.51,-1.59
002202.SZ,2025-11-10,16.4,16.5,15.46,15.6,1943292,3076428104.09,-6.36
002202.SZ,2025-11-11,15.7,15.96,15.41,15.53,994311,1558387845.85,-0.45
002202.SZ,2025-11-12,15.41,15.49,14.8,14.98,1149336,1723826909.34,-3.54
002202.SZ,2025-11-13,15.05,15.54,15.05,15.35,898415,1374591522.29,2.47
002202.SZ,2025-11-14,15.12,15.62,14.98,15.2,720283,1103452699.51,-0.98
002202.SZ,2025-11-17,15.13,15.18,14.8,14.92,669057,999582632.36,-1.84
002202.SZ,2025-11-18,14.97,15.03,14.58,14.69,621297,915691015.36,-1.54
002202.SZ,2025-11-19,14.69,14.94,14.56,14.89,652729,963934147.8,1.36
002202.SZ,2025-11-20,14.89,15.22,14.75,14.76,551057,824392257.48,-0.87
002202.SZ,2025-11-21,14.55,14.76,14.27,14.28,763695,1105389869.63,-3.25
002202.SZ,2025-11-24,14.1,15.0,13.96,14.73,893233,1312247241.49,3.15
002202.SZ,2025-11-25,14.8,15.02,14.7,14.88,666049,992421710.51,1.02
002202.SZ,2025-11-26,15.0,15.58,14.91,15.4,1061515,1625687576.84,3.49
002202.SZ,2025-11-27,15.37,15.46,15.12,15.19,657347,1005830896.21,-1.36
002202.SZ,2025-11-28,15.27,15.56,15.18,15.41,721192,1110991648.82,1.45
002202.SZ,2025-12-01,15.4,15.4,14.8,15.04,961373,1439310536.58,-2.4
002202.SZ,2025-12-02,15.01,16.06,14.73,15.67,1363429,2099983847.55,4.19
002202.SZ,2025-12-03,15.52,16.39,15.1,15.29,2070595,3268837758.98,-2.43
002202.SZ,2025-12-04,14.9,15.36,14.58,15.03,1205528,1799862501.5,-1.7
002202.SZ,2025-12-05,15.02,16.38,14.99,15.85,1734387,2748554059.15,5.46
002202.SZ,2025-12-08,16.11,16.27,15.75,15.9,1056746,1682534080.59,0.32
002202.SZ,2025-12-09,15.78,15.97,15.51,15.59,723725,1134528162.99,-1.95
002202.SZ,2025-12-10,15.51,15.58,15.3,15.44,518727,799283325.61,-0.96
002202.SZ,2025-12-11,15.76,16.98,15.7,16.98,2424564,4057598261.21,9.97
002202.SZ,2025-12-12,16.82,16.98,16.4,16.98,2644377,4424595292.88,0.0
002202.SZ,2025-12-15,17.1,17.95,16.82,17.5,2574733,4485911624.24,3.06
002202.SZ,2025-12-16,17.2,17.28,16.25,16.39,1721331,2857462270.76,-6.34
002202.SZ,2025-12-17,16.31,16.58,16.12,16.52,1101857,1801866298.2,0.79
002202.SZ,2025-12-18,16.37,17.08,16.05,16.53,1223868,2031002386.68,0.06
002202.SZ,2025-12-19,16.42,16.75,16.06,16.2,1242108,2025442352.35,-2.0
002202.SZ,2025-12-22,16.51,17.19,16.51,16.89,1594487,2684861427.81,4.26
002202.SZ,2025-12-23,17.41,17.85,16.77,17.05,1943362,3358660548.34,0.95
002202.SZ,2025-12-24,16.77,17.7,16.61,17.43,1523708,2644136723.97,2.23
002202.SZ,2025-12-25,17.69,19.17,17.56,19.17,2665276,4982980388.87,9.98
002202.SZ,2025-12-26,19.95,20.39,19.42,19.69,3506219,6952541636.3,2.71
002202.SZ,2025-12-29,21.0,21.66,20.52,21.66,2203865,4670287376.56,10.01
002202.SZ,2025-12-30,22.01,22.78,19.54,20.2,6827394,14441032116.14,-6.74
002202.SZ,2025-12-31,19.6,20.88,19.45,20.4,4279626,8620825356.11,0.99
002202.SZ,2026-01-05,22.44,22.44,21.69,21.82,6487827,14418140742.79,6.96
002202.SZ,2026-01-06,21.21,24.0,20.8,24.0,6176228,13663631128.28,9.99
002202.SZ,2026-01-07,24.5,26.4,23.81,26.4,6801731,16845815443.14,10.0
002202.SZ,2026-01-08,26.0,29.04,25.53,29.04,6081267,16759890677.63,10.0
002202.SZ,2026-01-09,31.94,31.94,30.74,31.94,5632929,17893128946.1,9.99
002202.SZ,2026-01-12,33.99,35.13,33.55,35.13,3796194,13189513602.71,9.99
002202.SZ,2026-01-13,36.0,37.03,31.62,33.95,8963325,30088791029.09,-3.36
002202.SZ,2026-01-14,34.47,35.55,32.63,33.38,7550424,25760095916.05,-1.68
002202.SZ,2026-01-15,30.39,31.62,30.04,30.04,1807170,5476993213.23,-10.01
002202.SZ,2026-01-16,27.04,27.04,27.04,27.04,690435,1866936240.0,-9.99
002202.SZ,2026-01-19,24.34,28.51,24.34,27.7,7116452,18598306971.45,2.44
002202.SZ,2026-01-20,26.93,27.33,25.65,26.06,4990954,13149514163.99,-5.92
002202.SZ,2026-01-21,25.94,26.58,25.38,25.45,3336930,8667470983.33,-2.34
002202.SZ,2026-01-22,25.63,27.19,25.34,26.89,4304908,11402478112.74,5.66
002202.SZ,2026-01-23,27.69,29.58,27.69,29.58,3489662,10056922132.57,10.0
002202.SZ,2026-01-26,29.79,30.53,28.01,28.4,5769714,16880314060.74,-3.99
002202.SZ,2026-01-27,28.24,29.49,28.09,28.59,3403807,9808694858.55,0.67
002202.SZ,2026-01-28,28.31,28.76,27.25,27.71,3081180,8563373069.59,-3.08
002202.SZ,2026-01-29,27.48,28.47,26.81,26.9,2898894,8010026963.68,-2.92
002202.SZ,2026-01-30,26.91,27.63,25.78,26.11,2381310,6292249482.74,-2.94
002202.SZ,2026-02-02,26.1,26.8,25.53,25.63,2073522,5407860212.11,-1.84
002202.SZ,2026-02-03,26.01,27.4,25.47,27.16,3248801,8647014287.65,5.97
002202.SZ,2026-02-04,26.81,27.97,26.66,27.28,2976868,8107434233.8,0.44
002202.SZ,2026-02-05,25.53,25.94,24.56,24.82,3514464,8820903598.43,-9.02
002202.SZ,2026-02-06,24.76,26.07,24.76,25.51,2428441,6215858257.09,2.78
002202.SZ,2026-02-09,26.02,26.58,25.43,26.19,2255275,5857402781.78,2.67
002202.SZ,2026-02-10,26.2,26.33,25.52,25.67,1432205,3694226315.17,-1.99
002202.SZ,2026-02-11,25.65,26.13,25.4,25.46,1337457,3442629686.65,-0.82
002202.SZ,2026-02-12,25.2,25.6,25.05,25.13,1257804,3178851988.51,-1.3
002202.SZ,2026-02-13,25.05,25.29,24.85,24.9,1007794,2521739349.9,-0.92
002202.SZ,2026-02-24,25.23,26.65,25.03,26.08,2290205,5985785735.77,4.74
002202.SZ,2026-02-25,26.2,27.57,26.08,27.26,2608005,7059322404.23,4.52
002202.SZ,2026-02-26,27.0,28.73,26.62,28.38,3370775,9473116841.11,4.11
002202.SZ,2026-02-27,28.0,28.99,27.88,28.45,2618153,7448061534.47,0.25
002202.SZ,2026-03-02,28.08,29.58,28.07,28.11,3120822,8961568263.41,-1.2
002202.SZ,2026-03-03,28.12,28.25,26.26,26.33,2601843,7017266615.81,-6.33
002202.SZ,2026-03-04,25.87,27.98,25.87,27.01,2119125,5751431236.03,2.58
002202.SZ,2026-03-05,27.6,28.15,27.11,28.0,2415127,6698631898.55,3.67
002202.SZ,2026-03-06,27.88,28.98,27.72,28.47,2465203,7030157732.36,1.68
002202.SZ,2026-03-09,27.7,28.58,27.5,28.47,1972762,5538672034.99,0.0
002202.SZ,2026-03-10,28.59,29.2,28.23,28.48,2010059,5763492940.55,0.04
002202.SZ,2026-03-11,28.51,31.0,27.82,30.24,4343929,12789875618.93,6.18
002202.SZ,2026-03-12,29.94,33.0,29.15,31.29,4781429,14690731957.48,3.47
002202.SZ,2026-03-13,31.35,32.68,31.0,31.43,3941956,12534772375.98,0.45
002202.SZ,2026-03-16,31.9,33.3,29.39,31.01,4496377,14402035938.7,-1.34
002202.SZ,2026-03-17,30.01,30.7,28.5,28.55,3216179,9517518280.43,-7.93
002202.SZ,2026-03-18,28.56,31.41,28.2,31.0,4543151,13679729835.26,8.58
002202.SZ,2026-03-19,30.0,31.17,29.65,29.81,3161139,9581179569.88,-3.84
002202.SZ,2026-03-20,29.9,30.39,29.15,29.2,2412637,7170964097.78,-2.05
002202.SZ,2026-03-23,28.4,29.08,27.3,27.41,2435664,6853876678.32,-6.13
002202.SZ,2026-03-24,28.08,28.23,27.04,27.58,2044648,5646815711.88,0.62
002202.SZ,2026-03-25,27.85,28.78,27.83,28.31,1977758,5607516975.21,2.65
002202.SZ,2026-03-26,28.61,28.75,27.38,28.13,2113751,5946385535.03,-0.64
002202.SZ,2026-03-27,27.4,27.95,27.05,27.45,1468402,4039467188.46,-2.42
002202.SZ,2026-03-30,27.46,28.36,27.46,27.72,1939899,5414551196.17,0.98
002202.SZ,2026-03-31,27.75,27.98,26.0,26.3,2631421,7121209519.9,-5.12
002202.SZ,2026-04-01,26.53,26.61,25.05,25.42,2211044,5634329609.94,-3.35
002202.SZ,2026-04-02,25.4,25.69,23.9,24.01,2345841,5765785963.36,-5.55
002202.SZ,2026-04-03,23.9,24.44,22.93,24.22,2421140,5712791331.26,0.87
002202.SZ,2026-04-07,23.84,23.84,22.8,22.89,2285768,5296895007.59,-5.49
002202.SZ,2026-04-08,23.2,23.86,23.2,23.84,2777689,6560648060.51,4.15
002202.SZ,2026-04-09,23.42,24.2,23.01,23.84,2132337,5058621263.18,0.0
002202.SZ,2026-04-10,24.02,24.77,24.01,24.07,2016803,4906922880.63,0.96
002202.SZ,2026-04-13,23.79,24.3,23.7,24.14,1225553,2951494454.81,0.29
002202.SZ,2026-04-14,24.35,25.34,24.1,25.3,2797037,6936841260.07,4.81
002202.SZ,2026-04-15,25.43,25.95,24.84,25.02,2581314,6555546967.64,-1.11
002202.SZ,2026-04-16,25.1,25.2,24.8,24.99,1536268,3830583494.71,-0.12
002202.SZ,2026-04-17,24.99,25.6,24.8,25.39,1763846,4465281962.27,1.6
002202.SZ,2026-04-20,25.14,26.95,25.03,26.59,2803097,7312219053.96,4.73
002202.SZ,2026-04-21,26.4,26.69,25.89,26.13,1808333,4730705962.37,-1.73
002202.SZ,2026-04-22,25.88,26.37,25.69,26.23,1588431,4128754022.34,0.38
002202.SZ,2026-04-23,26.45,26.49,25.44,25.7,1585717,4099406423.81,-2.02
002202.SZ,2026-04-24,25.66,26.2,25.25,25.48,1582156,4069678260.58,-0.86
002202.SZ,2026-04-27,26.21,26.98,26.21,26.53,2412312,6418259785.51,4.12
002202.SZ,2026-04-28,26.45,26.5,25.4,25.51,1763623,4540471711.03,-3.84
002202.SZ,2026-04-29,25.23,25.89,25.07,25.73,1292192,3316064726.63,0.86
002202.SZ,2026-04-30,26.51,28.18,26.2,27.55,3493626,9489163559.8,7.07
002202.SZ,2026-05-06,28.0,28.35,27.7,27.94,3050494,8560143217.49,1.42
002202.SZ,2026-05-07,27.95,28.68,27.84,28.46,2650063,7482581451.74,1.86
002202.SZ,2026-05-08,28.09,28.92,28.01,28.49,2366480,6728896828.81,0.11
002202.SZ,2026-05-11,28.9,28.99,28.0,28.16,2246451,6366680745.65,-1.16
002202.SZ,2026-05-12,28.06,28.07,27.01,27.27,1946375,5332489149.84,-3.16
002202.SZ,2026-05-13,27.07,27.94,26.88,27.8,1761552,4870902978.7,1.94
002202.SZ,2026-05-14,27.95,28.0,25.98,26.03,2302553,6157468712.47,-6.37
002202.SZ,2026-05-15,25.9,26.35,24.83,25.09,1736128,4393904462.03,-3.61
002202.SZ,2026-05-18,25.0,26.3,25.0,25.79,1462306,3776764679.35,2.79
002202.SZ,2026-05-19,25.56,25.73,25.13,25.42,1042342,2640378318.54,-1.43
002202.SZ,2026-05-20,25.2,25.36,24.69,25.3,1158381,2894266691.5,-0.47
002202.SZ,2026-05-21,25.49,26.09,24.61,24.73,1779915,4533514849.21,-2.25
002202.SZ,2026-05-22,24.74,25.25,24.3,25.2,1171680,2906885850.65,1.9
002202.SZ,2026-05-25,25.2,25.28,24.3,24.88,1547898,3820844183.92,-1.27
002202.SZ,2026-05-26,24.68,24.75,23.75,24.51,1479360,3576076377.25,-1.49
002202.SZ,2026-05-27,24.67,24.96,23.45,23.6,1382654,3325138800.85,-3.71
002202.SZ,2026-05-28,23.6,24.46,23.48,24.3,1336150,3210932164.71,2.97
002202.SZ,2026-05-29,24.15,24.26,23.32,23.42,1387422,3276030929.63,-3.62
002202.SZ,2026-06-01,23.88,24.08,23.37,23.46,1015201,2406303571.85,0.17
002202.SZ,2026-06-02,23.23,23.39,22.36,23.24,1147135,2632826253.66,-0.94
002202.SZ,2026-06-03,23.1,24.03,22.8,23.61,1241902,2926844096.85,1.59
002202.SZ,2026-06-04,23.35,23.75,23.2,23.63,791043,1864277505.5,0.08
002202.SZ,2026-06-05,23.85,23.95,22.97,23.0,1164389,2713196329.79,-2.67
002202.SZ,2026-06-08,22.17,22.98,21.58,21.69,1211201,2677321658.26,-5.7
002202.SZ,2026-06-09,21.93,22.08,21.26,22.0,1018540,2201391717.27,1.43
002202.SZ,2026-06-10,22.0,22.29,21.03,21.25,1053771,2256839231.9,-3.41
002202.SZ,2026-06-11,21.01,21.28,20.8,21.13,842004,1770083900.26,-0.56
002202.SZ,2026-06-12,21.56,22.3,21.3,21.43,1697071,3712737599.62,1.42
002202.SZ,2026-06-15,21.53,21.66,20.91,21.34,1293343,2735836517.53,-0.42
002202.SZ,2026-06-16,21.69,22.41,21.39,21.77,1443310,3155651561.74,2.01
002202.SZ,2026-06-17,21.67,22.1,21.42,21.98,1058409,2309292632.12,0.96
002202.SZ,2026-06-18,21.89,23.05,21.83,22.49,1441352,3248126039.68,2.32
002202.SZ,2026-06-22,22.49,22.95,21.66,22.94,1494541,3322382657.31,2.0
002202.SZ,2026-06-23,22.63,23.05,21.64,21.75,1335052,2971452577.15,-5.19
002202.SZ,2026-06-24,21.55,22.42,21.04,22.2,1191123,2590827673.21,2.07
002202.SZ,2026-06-25,22.0,22.66,21.58,21.9,1299602,2869869031.08,-1.35
002202.SZ,2026-06-26,22.51,23.9,22.26,23.33,3029974,7015099784.47,6.53
002202.SZ,2026-06-29,22.76,22.84,21.38,21.73,2275479,5002676946.28,-6.86
002202.SZ,2026-06-30,22.89,23.9,22.89,23.9,2060240,4875022658.62,9.99
002202.SZ,2026-07-01,23.9,25.06,23.19,24.66,3230984,7886730299.01,3.18
002202.SZ,2026-07-02,24.11,24.6,23.49,23.51,2177889,5203071230.73,-4.66
002202.SZ,2026-07-03,23.5,24.98,23.5,24.59,2147252,5219562331.93,4.59
002202.SZ,2026-07-06,24.73,24.98,23.52,23.91,1699005,4101988807.81,-2.77
002202.SZ,2026-07-07,23.53,23.7,22.03,22.19,1551794,3524090734.32,-7.19
002202.SZ,2026-07-08,21.96,22.15,21.02,21.04,1228579,2618857604.42,-5.18
002202.SZ,2026-07-09,20.82,20.98,19.71,20.33,1504076,3048041870.23,-3.37
002202.SZ,2026-07-10,20.47,22.36,19.93,22.36,2676621,5809635623.58,9.99
002202.SZ,2026-07-13,21.73,21.85,20.2,20.27,1953213,4031571679.47,-9.35
002202.SZ,2026-07-14,20.0,20.0,18.46,19.17,1496265,2848864997.23,-5.43
002202.SZ,2026-07-15,18.99,19.38,18.82,18.88,849600,1617439871.02,-1.51
002202.SZ,2026-07-16,18.48,19.07,17.93,18.59,814783,1515912091.07,-1.54
002202.SZ,2026-07-17,18.49,18.59,17.0,17.01,1256735,2216652958.31,-8.5
002202.SZ,2026-07-20,17.4,17.49,16.69,17.03,1049471,1798581781.55,0.12
002202.SZ,2026-07-21,17.13,17.62,16.61,17.55,1022635,1759770644.38,3.05
002202.SZ,2026-07-22,17.44,18.08,17.36,17.51,922421,1629820543.22,-0.23
002202.SZ,2026-07-23,17.51,18.38,17.38,18.37,1217526,2199346674.54,4.91
002202.SZ,2026-07-24,18.08,18.2,17.61,17.62,890913,1591360694.85,-4.08
002202.SZ,2026-07-27,17.6,18.18,17.52,18.15,753109,1354943172.67,3.01
002202.SZ,2026-07-28,18.15,18.53,17.9,17.99,863133,1568143588.24,-0.88
002202.SZ,2026-07-29,18.0,18.2,17.52,18.08,758524,1356972989.95,0.5
002202.SZ,2026-07-30,18.0,18.35,17.83,18.01,821684,1489224968.8,-0.39
002202.SZ,2026-07-31,18.17,18.66,18.17,18.39,965476,1779189683.94,2.11
002202.SZ,2026-08-03,18.42,19.39,18.42,19.24,1444605,2759942633.64,4.62
